url_path,views_total,views_unique
/demichie/OpenPDAC-13,6,3
/demichie/OpenPDAC-13/tree/main/run/ensembleWorkflow,4,1
/demichie/OpenPDAC-13/tree/main/applications,3,1
/demichie/OpenPDAC-13/blob/1.5.0/CODE_OF_CONDUCT.md,2,1
/demichie/OpenPDAC-13/tree/main/applications/OpenPDAC,2,1
/demichie/OpenPDAC-13/tree/main/applications/OpenPDAC/momentumTransportModels,2,1
/demichie/OpenPDAC-13/tree/main/applications/OpenPDAC/momentumTransportModels/kineticTheoryModels,2,1
/demichie/OpenPDAC-13/tree/main/applications/OpenPDAC/momentumTransportModels/kineticTheoryModels/granularPressureModel,2,1
/demichie/OpenPDAC-13/blob/1.5.0/CITATION.cff,1,1
/demichie/OpenPDAC-13/blob/1.5.0/CONTRIBUTING.md,1,1
